==========
Category ,  Site
Design Option ,  -1
UniqueId, 7f70fb92-8b7f-42e5-9898-4667e717d385-000150bc
Id, 86204
==========
Category ,  Levels
Design Option ,  -1
Name ,  Level 1
Type Id ,  305
Family ,  Level
IfcGUID ,  1PKvdhUQP9pf1OYyjHIHTT
Story Above ,  Default
Structural ,  No
UniqueId, e3e052f9-0156-11d5-9301-0000863f27ad-00000137
Elevation ,  0
Id, 311
Family and Type ,  Level
Building Story ,  Yes
Type ,  8mm Head
Scope Box ,  None
Computation Height ,  0
==========
Category ,  Levels
Design Option ,  -1
Name ,  Level 2
Type Id ,  305
Family ,  Level
IfcGUID ,  1PKvdhUQP9pf1OYyjHIHJS
Story Above ,  Default
Structural ,  No
UniqueId, 458c0e49-01bb-11d5-9302-0000863f27ad-000002b6
Elevation ,  4000
Id, 694
Family and Type ,  Level
Building Story ,  Yes
Type ,  8mm Head
Scope Box ,  None
Computation Height ,  0
==========
Category ,  Doors
Design Option ,  -1
Type Id ,  49488
Family ,  M_Single-Flush
Mark ,  5145
Head Height ,  2032
IfcGUID ,  3yTqH6pxr5kxrz4Qbiqyw$
Sill Height ,  0
UniqueId, fc774446-cfbd-45bb-bd7d-11a96cd68775-000549ca
Id, 346570
Family and Type ,  M_Single-Flush
Image ,  <None>
Area ,  3 m²
Volume ,  0.10 m³
point, [-6819.432279747718, 7049.866855497461, 0.0]
Phase Created ,  New Construction
Type ,  0762 x 2032mm
Phase Demolished ,  None
Host Id ,  346563
Level ,  Level 1
==========
Category ,  Doors
Design Option ,  -1
Type Id ,  49488
Family ,  M_Single-Flush
Mark ,  5146
Head Height ,  2032
IfcGUID ,  3yTqH6pxr5kxrz4Qbiqyw_
Sill Height ,  0
UniqueId, fc774446-cfbd-45bb-bd7d-11a96cd68775-000549cb
Id, 346571
Family and Type ,  M_Single-Flush
Image ,  <None>
Area ,  3 m²
Volume ,  0.10 m³
point, [-6819.432279747718, 6049.86685549748, 0.0]
Phase Created ,  New Construction
Type ,  0762 x 2032mm
Phase Demolished ,  None
Host Id ,  346563
Level ,  Level 1
==========
Category ,  Doors
Design Option ,  -1
Type Id ,  49488
Family ,  M_Single-Flush
Mark ,  5147
Head Height ,  2032
IfcGUID ,  3yTqH6pxr5kxrz4Qbiqywv
Sill Height ,  0
UniqueId, fc774446-cfbd-45bb-bd7d-11a96cd68775-000549cc
Id, 346572
Family and Type ,  M_Single-Flush
Image ,  <None>
Area ,  3 m²
Volume ,  0.10 m³
point, [-6276.432279747722, 5549.866855497471, 0.0]
Phase Created ,  New Construction
Type ,  0762 x 2032mm
Phase Demolished ,  None
Host Id ,  346562
Level ,  Level 1
==========
Category ,  Doors
Design Option ,  -1
Type Id ,  49488
Family ,  M_Single-Flush
Mark ,  5149
Head Height ,  2032
IfcGUID ,  3yTqH6pxr5kxrz4Qbiqywu
Sill Height ,  0
UniqueId, fc774446-cfbd-45bb-bd7d-11a96cd68775-000549cd
Id, 346573
Family and Type ,  M_Single-Flush
Image ,  <None>
Area ,  3 m²
Volume ,  0.10 m³
point, [-8419.432279747718, 10149.866855497461, 0.0]
Phase Created ,  New Construction
Type ,  0762 x 2032mm
Phase Demolished ,  None
Host Id ,  346567
Level ,  Level 1
==========
Category ,  Doors
Design Option ,  -1
Type Id ,  49488
Family ,  M_Single-Flush
Mark ,  5620
Head Height ,  2032
IfcGUID ,  3yTqH6pxr5kxrz4QbiqywY
Sill Height ,  0
UniqueId, fc774446-cfbd-45bb-bd7d-11a96cd68775-000549d7
Id, 346583
Family and Type ,  M_Single-Flush
Image ,  <None>
Area ,  3 m²
Volume ,  0.10 m³
point, [-8319.432279747725, 12009.866855497461, 0.0]
Phase Created ,  New Construction
Type ,  0762 x 2032mm
Phase Demolished ,  None
Host Id ,  346584
Level ,  Level 1
==========
Category ,  Doors
Design Option ,  -1
Type Id ,  49488
Family ,  M_Single-Flush
Mark ,  3
Head Height ,  2032
Sill Height ,  0
UniqueId, b12b0e62-aad6-4865-aef9-af9cd225ef44-00067b49
Id, 424777
Family and Type ,  M_Single-Flush
Image ,  <None>
Area ,  3 m²
Volume ,  0.10 m³
point, [-3456.4322797477275, 12209.866855494995, 0.0]
Phase Created ,  New Construction
Type ,  0762 x 2032mm
Phase Demolished ,  None
Host Id ,  394359
Level ,  Level 1
==========
Space Outdoor Air Option ,  From Space Type
Service Type ,  <Building>
Use Humidification Set Point ,  No
Use Dehumidification Set Point ,  No
Category ,  HVAC Zones
Perimeter ,  0
Design Option ,  -1
Phase Id ,  12589
Calculated Area per Heating Load ,  0.0000 m²/kW
Name ,  Default
Humidification Set Point ,  0
Calculated Supply Airflow per area ,  0.00 L/(s·m²)
Occupied Area ,  0 m²
Occupied Volume ,  0.00 m³
Calculated Heating Load per area ,  0.00 W/m²
Outdoor Air per Area ,  0.00 L/(s·m²)
Gross Area ,  0 m²
Cooling Air Temperature ,  12 °C
Phase ,  Existing
Use Air Changes Per Hour ,  No
Calculated Area per Cooling Load ,  0.00 m²/kW
Use Outside Air Per Person ,  No
Use Outside Air Per Area ,  No
UniqueId, de0d18ae-d6da-4e8e-8196-33bb609646bc-0001903e
Id, 102462
Calculated Supply Airflow ,  0.0 L/s
Gross Volume ,  0.00 m³
Dehumidification Set Point ,  0
Calculated Heating Load ,  0 W
Outdoor Air Rate / Air Changes per Hour ,  0
Image ,  <None>
Calculated Cooling Load per area ,  0.00 W/m²
Cooling Set Point ,  23 °C
Outdoor Air per Person ,  0.0 L/s
Coil Bypass ,  0.00%
Heating Air Temperature ,  32 °C
Calculated Cooling Load ,  0 W
Heating Set Point ,  21 °C
==========
Category ,  Floors
Perimeter ,  14172
Design Option ,  -1
Type Id ,  339
Family ,  Floor
Thickness ,  150
Related to Mass ,  No
Mark ,  מרפסות למעלה
IfcGUID ,  3yTqH6pxr5kxrz4QbiqywJ
Elevation at Top ,  -40
Structural ,  No
Room Bounding ,  Yes
Enable Analytical Model ,  No
UniqueId, fc774446-cfbd-45bb-bd7d-11a96cd68775-000549e6
Id, 346598
Family and Type ,  Floor
Slope ,  0.00°
Image ,  <None>
Area ,  11 m²
Elevation at Bottom ,  -190
Volume ,  1.67 m³
Phase Created ,  New Construction
Type ,  Generic 150mm
Phase Demolished ,  None
Height Offset From Level ,  -40
Level ,  Level 1
==========
Category ,  Floors
Perimeter ,  6968
Design Option ,  -1
Type Id ,  339
Family ,  Floor
Thickness ,  150
Related to Mass ,  No
IfcGUID ,  3yTqH6pxr5kxrz4Qbiqyqq
Elevation at Top ,  -10
Structural ,  No
Room Bounding ,  Yes
Enable Analytical Model ,  No
UniqueId, fc774446-cfbd-45bb-bd7d-11a96cd68775-00054a41
Id, 346689
Family and Type ,  Floor
Slope ,  0.00°
Image ,  <None>
Area ,  3 m²
Elevation at Bottom ,  -160
Volume ,  0.46 m³
Phase Created ,  New Construction
Type ,  Generic 150mm
Phase Demolished ,  None
Height Offset From Level ,  -10
Level ,  Level 1
==========
Category ,  Floors
Perimeter ,  43632
Design Option ,  -1
Type Id ,  339
Family ,  Floor
Thickness ,  150
Related to Mass ,  No
IfcGUID ,  3yTqH6pxr5kxrz4Qbiqyqu
Elevation at Top ,  0
Structural ,  No
Room Bounding ,  Yes
Enable Analytical Model ,  No
UniqueId, fc774446-cfbd-45bb-bd7d-11a96cd68775-00054a4d
Id, 346701
Family and Type ,  Floor
Slope ,  0.00°
Image ,  <None>
Area ,  46 m²
Elevation at Bottom ,  -150
Volume ,  6.86 m³
Phase Created ,  New Construction
Type ,  Generic 150mm
Phase Demolished ,  None
Height Offset From Level ,  0
Level ,  Level 1
==========
Category ,  Floors
Perimeter ,  6372
Design Option ,  -1
Type Id ,  339
Family ,  Floor
Thickness ,  150
Related to Mass ,  No
IfcGUID ,  3yTqH6pxr5kxrz4Qbiqytn
Elevation at Top ,  0
Structural ,  No
Room Bounding ,  Yes
Enable Analytical Model ,  No
UniqueId, fc774446-cfbd-45bb-bd7d-11a96cd68775-00054a84
Id, 346756
Family and Type ,  Floor
Slope ,  0.00°
Image ,  <None>
Area ,  2 m²
Elevation at Bottom ,  -150
Volume ,  0.37 m³
Phase Created ,  New Construction
Type ,  Generic 150mm
Phase Demolished ,  None
Height Offset From Level ,  0
Level ,  Level 1
==========
Category ,  Floors
Perimeter ,  7660
Design Option ,  -1
Type Id ,  339
Family ,  Floor
Thickness ,  150
Related to Mass ,  No
IfcGUID ,  3yTqH6pxr5kxrz4Qbiqytu
Elevation at Top ,  -10
Structural ,  No
Room Bounding ,  Yes
Enable Analytical Model ,  No
UniqueId, fc774446-cfbd-45bb-bd7d-11a96cd68775-00054a8d
Id, 346765
Family and Type ,  Floor
Slope ,  0.00°
Image ,  <None>
Area ,  4 m²
Elevation at Bottom ,  -160
Volume ,  0.55 m³
Phase Created ,  New Construction
Type ,  Generic 150mm
Phase Demolished ,  None
Height Offset From Level ,  -10
Level ,  Level 1
==========
Category ,  Floors
Perimeter ,  12388
Design Option ,  -1
Type Id ,  339
Family ,  Floor
Thickness ,  150
Related to Mass ,  No
IfcGUID ,  3yTqH6pxr5kxrz4QbiqytZ
Elevation at Top ,  0
Structural ,  No
Room Bounding ,  Yes
Enable Analytical Model ,  No
UniqueId, fc774446-cfbd-45bb-bd7d-11a96cd68775-00054a96
Id, 346774
Family and Type ,  Floor
Slope ,  0.00°
Image ,  <None>
Area ,  9 m²
Elevation at Bottom ,  -150
Volume ,  1.37 m³
Phase Created ,  New Construction
Type ,  Generic 150mm
Phase Demolished ,  None
Height Offset From Level ,  0
Level ,  Level 1
==========
Category ,  Floors
Perimeter ,  16568
Design Option ,  -1
Type Id ,  339
Family ,  Floor
Thickness ,  150
Related to Mass ,  No
IfcGUID ,  3yTqH6pxr5kxrz4QbiqytK
Elevation at Top ,  0
Structural ,  No
Room Bounding ,  Yes
Enable Analytical Model ,  No
UniqueId, fc774446-cfbd-45bb-bd7d-11a96cd68775-00054aa1
Id, 346785
Family and Type ,  Floor
Slope ,  0.00°
Image ,  <None>
Area ,  13 m²
Elevation at Bottom ,  -150
Volume ,  1.91 m³
Phase Created ,  New Construction
Type ,  Generic 150mm
Phase Demolished ,  None
Height Offset From Level ,  0
Level ,  Level 1
==========
Category ,  Floors
Perimeter ,  42220
Design Option ,  -1
Type Id ,  339
Family ,  Floor
Thickness ,  150
Related to Mass ,  No
IfcGUID ,  3F_n_jHXz3bAHtKLuAAQCg
Elevation at Top ,  2920
Structural ,  No
Room Bounding ,  Yes
Enable Analytical Model ,  No
UniqueId, cffb1fad-461f-4394-a477-515e0a2fb346-0006106c
Id, 397420
Family and Type ,  Floor
Slope ,  0.00°
Image ,  <None>
Area ,  97 m²
Elevation at Bottom ,  2770
Volume ,  14.52 m³
Phase Created ,  New Construction
Type ,  Generic 150mm
Phase Demolished ,  None
Height Offset From Level ,  -1080
Level ,  Level 2
==========
Category ,  Windows
Design Option ,  -1
Type Id ,  33073
Family ,  M_Fixed
Mark ,  4
Head Height ,  2135
IfcGUID ,  1l7fbShY53gQW5PgTejTZS
Sill Height ,  915
UniqueId, 6f1e995c-ae21-43a9-a805-66a768b3bd23-000665ff
Id, 419327
Family and Type ,  M_Fixed
Image ,  <None>
Area ,  1 m²
Volume ,  0.02 m³
point, [-10291.432279747716, 7489.866855497457, 915.0000000000048]
Phase Created ,  New Construction
Type ,  0610 x 1220mm
Phase Demolished ,  None
Host Id ,  395786
Level ,  Level 1
==========
Category ,  Windows
Design Option ,  -1
Type Id ,  33073
Family ,  M_Fixed
Mark ,  6
Head Height ,  2135
IfcGUID ,  1l7fbShY53gQW5PgTejTka
Sill Height ,  915
UniqueId, 6f1e995c-ae21-43a9-a805-66a768b3bd23-00066687
Id, 419463
Family and Type ,  M_Fixed
Image ,  <None>
Area ,  1 m²
Volume ,  0.02 m³
point, [-10291.432279747722, 4972.8668554974565, 915.0000000000048]
Phase Created ,  New Construction
Type ,  0610 x 1220mm
Phase Demolished ,  None
Host Id ,  395786
Level ,  Level 1
==========
Category ,  Windows
Design Option ,  -1
Type Id ,  33073
Family ,  M_Fixed
Mark ,  7
Head Height ,  2135
IfcGUID ,  1l7fbShY53gQW5PgTejTkG
Sill Height ,  915
UniqueId, 6f1e995c-ae21-43a9-a805-66a768b3bd23-000666b3
Id, 419507
Family and Type ,  M_Fixed
Image ,  <None>
Area ,  1 m²
Volume ,  0.02 m³
point, [-10291.432279747713, 10216.866855497457, 915.0000000000048]
Phase Created ,  New Construction
Type ,  0610 x 1220mm
Phase Demolished ,  None
Host Id ,  395786
Level ,  Level 1
==========
Category ,  Windows
Design Option ,  -1
Type Id ,  33073
Family ,  M_Fixed
Mark ,  8
Head Height ,  2135
IfcGUID ,  1l7fbShY53gQW5PgTejTfa
Sill Height ,  915
UniqueId, 6f1e995c-ae21-43a9-a805-66a768b3bd23-00066747
Id, 419655
Family and Type ,  M_Fixed
Image ,  <None>
Area ,  1 m²
Volume ,  0.02 m³
point, [-5944.432279747738, 3601.8668554974674, 915.0]
Phase Created ,  New Construction
Type ,  0610 x 1220mm
Phase Demolished ,  None
Host Id ,  396170
Level ,  Level 1
==========
Category ,  Windows
Design Option ,  -1
Type Id ,  33073
Family ,  M_Fixed
Mark ,  9
Head Height ,  2135
Sill Height ,  915
UniqueId, 7ebce314-a21a-4ec9-89fb-0b94d05f0219-00067d82
Id, 425346
Family and Type ,  M_Fixed
Image ,  <None>
Area ,  1 m²
Volume ,  0.02 m³
point, [-6752.432279747701, 14719.866855497474, 915.0000000000048]
Phase Created ,  New Construction
Type ,  0610 x 1220mm
Phase Demolished ,  None
Host Id ,  346866
Level ,  Level 1
==========
Category ,  Walls
Base Constraint ,  Level 1
Top Constraint ,  Up to level
Design Option ,  -1
Type Id ,  403
Family ,  Basic Wall
Related to Mass ,  No
length, 1770.0000000000005
IfcGUID ,  3yTqH6pxr5kxrz4Qbiqywq
Structural ,  No
Room Bounding ,  Yes
Top is Attached ,  No
Base is Attached ,  No
Enable Analytical Model ,  No
UniqueId, fc774446-cfbd-45bb-bd7d-11a96cd68775-000549c1
Structural Usage ,  Non-bearing
Id, 346561
Base Offset ,  -150
direction, [0.0, 1770.000000000001, 0.0]
Top Extension Distance ,  0
Family and Type ,  Basic Wall
Image ,  <None>
Top Offset ,  2770
Base Extension Distance ,  0
Length ,  1770
Area ,  5 m²
Location Line ,  Core Face
endpoint, [-3099.4322797477175, 7319.866855497472, 0.0]
Volume ,  0.62 m³
Cross-Section ,  Vertical
Phase Created ,  New Construction
Type ,  Interior - Blockwork 100
Phase Demolished ,  None
startpoint, [-3099.4322797477175, 5549.866855497471, 0.0]
Unconnected Height ,  2920
==========
Category ,  Walls
Base Constraint ,  Level 1
Top Constraint ,  Up to level
Design Option ,  -1
Type Id ,  403
Family ,  Basic Wall
Related to Mass ,  No
length, 5521.999999999998
IfcGUID ,  3yTqH6pxr5kxrz4Qbiqywt
Structural ,  No
Room Bounding ,  Yes
Top is Attached ,  No
Base is Attached ,  No
Enable Analytical Model ,  No
UniqueId, fc774446-cfbd-45bb-bd7d-11a96cd68775-000549c2
Structural Usage ,  Non-bearing
Id, 346562
Base Offset ,  -150
direction, [-5521.999999999998, 0.0, 0.0]
Top Extension Distance ,  0
Family and Type ,  Basic Wall
Image ,  <None>
Top Offset ,  2770
Base Extension Distance ,  0
Length ,  5522
Area ,  15 m²
Location Line ,  Core Face
endpoint, [-7009.43227974772, 5549.866855497471, 0.0]
Volume ,  1.85 m³
Cross-Section ,  Vertical
Phase Created ,  New Construction
Type ,  Interior - Blockwork 100
Phase Demolished ,  None
startpoint, [-1487.4322797477212, 5549.866855497471, 0.0]
Unconnected Height ,  2920
==========
Category ,  Walls
Base Constraint ,  Level 1
Top Constraint ,  Up to level
Design Option ,  -1
Type Id ,  403
Family ,  Basic Wall
Related to Mass ,  No
length, 5960.000000000003
IfcGUID ,  3yTqH6pxr5kxrz4Qbiqyws
Structural ,  No
Room Bounding ,  Yes
Top is Attached ,  No
Base is Attached ,  No
Enable Analytical Model ,  No
UniqueId, fc774446-cfbd-45bb-bd7d-11a96cd68775-000549c3
Structural Usage ,  Non-bearing
Id, 346563
Base Offset ,  -150
direction, [0.0, -5960.000000000003, 0.0]
Top Extension Distance ,  0
Family and Type ,  Basic Wall
Image ,  <None>
Top Offset ,  2770
Base Extension Distance ,  0
Length ,  5960
Area ,  14 m²
Location Line ,  Core Face
endpoint, [-6819.432279747721, 5549.866855497471, 0.0]
Volume ,  1.73 m³
Cross-Section ,  Vertical
Phase Created ,  New Construction
Type ,  Interior - Blockwork 100
Phase Demolished ,  None
startpoint, [-6819.432279747721, 11509.866855497474, 0.0]
Unconnected Height ,  2920
==========
Category ,  Walls
Base Constraint ,  Level 1
Top Constraint ,  Up to level
Design Option ,  -1
Type Id ,  403
Family ,  Basic Wall
Related to Mass ,  No
length, 3471.9999999999977
IfcGUID ,  3yTqH6pxr5kxrz4Qbiqywn
Structural ,  No
Room Bounding ,  Yes
Top is Attached ,  No
Base is Attached ,  No
Enable Analytical Model ,  No
UniqueId, fc774446-cfbd-45bb-bd7d-11a96cd68775-000549c4
Structural Usage ,  Non-bearing
Id, 346564
Base Offset ,  -150
direction, [-3471.9999999999973, 0.0, 0.0]
Top Extension Distance ,  0
Family and Type ,  Basic Wall
Image ,  <None>
Top Offset ,  2770
Base Extension Distance ,  0
Length ,  3472
Area ,  10 m²
Location Line ,  Core Face
endpoint, [-10291.432279747718, 6549.866855497471, 0.0]
Volume ,  1.21 m³
Cross-Section ,  Vertical
Phase Created ,  New Construction
Type ,  Interior - Blockwork 100
Phase Demolished ,  None
startpoint, [-6819.432279747721, 6549.866855497471, 0.0]
Unconnected Height ,  2920
==========
Category ,  Walls
Base Constraint ,  Level 1
Top Constraint ,  Up to level
Design Option ,  -1
Type Id ,  403
Family ,  Basic Wall
Related to Mass ,  No
length, 3471.999999999989
IfcGUID ,  3yTqH6pxr5kxrz4Qbiqywm
Structural ,  No
Room Bounding ,  Yes
Top is Attached ,  No
Base is Attached ,  No
Enable Analytical Model ,  No
UniqueId, fc774446-cfbd-45bb-bd7d-11a96cd68775-000549c5
Structural Usage ,  Non-bearing
Id, 346565
Base Offset ,  -150
direction, [-3471.99999999999, 0.0, 0.0]
Top Extension Distance ,  0
Family and Type ,  Basic Wall
Image ,  <None>
Top Offset ,  2770
Base Extension Distance ,  0
Length ,  3472
Area ,  10 m²
Location Line ,  Core Face
endpoint, [-10291.43227974771, 11509.866855497474, 0.0]
Volume ,  1.26 m³
Cross-Section ,  Vertical
Phase Created ,  New Construction
Type ,  Interior - Blockwork 100
Phase Demolished ,  None
startpoint, [-6819.432279747721, 11509.866855497474, 0.0]
Unconnected Height ,  2920
==========
Category ,  Walls
Base Constraint ,  Level 1
Top Constraint ,  Up to level
Design Option ,  -1
Type Id ,  403
Family ,  Basic Wall
Related to Mass ,  No
length, 1871.9999999999914
IfcGUID ,  3yTqH6pxr5kxrz4Qbiqywp
Structural ,  No
Room Bounding ,  Yes
Top is Attached ,  No
Base is Attached ,  No
Enable Analytical Model ,  No
UniqueId, fc774446-cfbd-45bb-bd7d-11a96cd68775-000549c6
Structural Usage ,  Non-bearing
Id, 346566
Base Offset ,  -150
direction, [-1871.999999999991, 0.0, 0.0]
Top Extension Distance ,  0
Family and Type ,  Basic Wall
Image ,  <None>
Top Offset ,  2770
Base Extension Distance ,  0
Length ,  1872
Area ,  5 m²
Location Line ,  Core Face
endpoint, [-10291.432279747713, 9649.866855497472, 0.0]
Volume ,  0.68 m³
Cross-Section ,  Vertical
Phase Created ,  New Construction
Type ,  Interior - Blockwork 100
Phase Demolished ,  None
startpoint, [-8419.432279747722, 9649.866855497472, 0.0]
Unconnected Height ,  2920
==========
Category ,  Walls
Base Constraint ,  Level 1
Top Constraint ,  Up to level
Design Option ,  -1
Type Id ,  403
Family ,  Basic Wall
Related to Mass ,  No
length, 1860.0000000000005
IfcGUID ,  3yTqH6pxr5kxrz4Qbiqywo
Structural ,  No
Room Bounding ,  Yes
Top is Attached ,  No
Base is Attached ,  No
Enable Analytical Model ,  No
UniqueId, fc774446-cfbd-45bb-bd7d-11a96cd68775-000549c7
Structural Usage ,  Non-bearing
Id, 346567
Base Offset ,  -150
direction, [0.0, -1860.0, 0.0]
Top Extension Distance ,  0
Family and Type ,  Basic Wall
Image ,  <None>
Top Offset ,  2770
Base Extension Distance ,  0
Length ,  1860
Area ,  4 m²
Location Line ,  Core Face
endpoint, [-8419.432279747722, 9649.866855497474, 0.0]
Volume ,  0.44 m³
Cross-Section ,  Vertical
Phase Created ,  New Construction
Type ,  Interior - Blockwork 100
Phase Demolished ,  None
startpoint, [-8419.432279747722, 11509.866855497474, 0.0]
Unconnected Height ,  2920
==========
Category ,  Walls
Base Constraint ,  Level 1
Top Constraint ,  Up to level
Design Option ,  -1
Type Id ,  403
Family ,  Basic Wall
Related to Mass ,  No
length, 450.0000000000092
IfcGUID ,  3yTqH6pxr5kxrz4Qbiqywy
Structural ,  No
Room Bounding ,  Yes
Top is Attached ,  No
Base is Attached ,  No
Enable Analytical Model ,  No
UniqueId, fc774446-cfbd-45bb-bd7d-11a96cd68775-000549c9
Structural Usage ,  Non-bearing
Id, 346569
Base Offset ,  -150
direction, [0.0, 450.0000000000091, 0.0]
Top Extension Distance ,  0
Family and Type ,  Basic Wall
Image ,  <None>
Top Offset ,  2770
Base Extension Distance ,  0
Length ,  450
Area ,  1 m²
Location Line ,  Core Face
endpoint, [-5549.432279747716, 7319.86685549747, 0.0]
Volume ,  0.16 m³
Cross-Section ,  Vertical
Phase Created ,  New Construction
Type ,  Interior - Blockwork 100
Phase Demolished ,  None
startpoint, [-5549.432279747716, 6869.866855497461, 0.0]
Unconnected Height ,  2920
==========
Category ,  Walls
Base Constraint ,  Level 1
Top Constraint ,  Up to level
Design Option ,  -1
Type Id ,  403
Family ,  Basic Wall
Related to Mass ,  No
length, 1948.0000000000023
IfcGUID ,  3yTqH6pxr5kxrz4QbiqywX
Structural ,  No
Room Bounding ,  Yes
Top is Attached ,  No
Base is Attached ,  No
Enable Analytical Model ,  No
UniqueId, fc774446-cfbd-45bb-bd7d-11a96cd68775-000549d4
Structural Usage ,  Non-bearing
Id, 346580
Base Offset ,  -150
direction, [0.0, -1948.0000000000023, 0.0]
Top Extension Distance ,  0
Family and Type ,  Basic Wall
Image ,  <None>
Top Offset ,  2770
Base Extension Distance ,  0
Length ,  1948
Area ,  5 m²
Location Line ,  Core Face
endpoint, [-7009.432279747719, 3601.8668554974706, 0.0]
Volume ,  0.66 m³
Cross-Section ,  Vertical
Phase Created ,  New Construction
Type ,  Interior - Blockwork 100
Phase Demolished ,  None
startpoint, [-7009.432279747719, 5549.866855497473, 0.0]
Unconnected Height ,  2920
==========
Category ,  Walls
Base Constraint ,  Level 1
Top Constraint ,  Up to level
Design Option ,  -1
Type Id ,  403
Family ,  Basic Wall
Related to Mass ,  No
length, 1948.0000000000066
IfcGUID ,  3yTqH6pxr5kxrz4QbiqywW
Structural ,  No
Room Bounding ,  Yes
Top is Attached ,  No
Base is Attached ,  No
Enable Analytical Model ,  No
UniqueId, fc774446-cfbd-45bb-bd7d-11a96cd68775-000549d5
Structural Usage ,  Non-bearing
Id, 346581
Base Offset ,  -150
direction, [-3.637978807091713e-12, -1948.0000000000064, 0.0]
Top Extension Distance ,  0
Family and Type ,  Basic Wall
Image ,  <None>
Top Offset ,  2770
Base Extension Distance ,  0
Length ,  1948
Area ,  5 m²
Location Line ,  Core Face
endpoint, [-4879.432279747722, 3601.8668554974647, 0.0]
Volume ,  0.66 m³
Cross-Section ,  Vertical
Phase Created ,  New Construction
Type ,  Interior - Blockwork 100
Phase Demolished ,  None
startpoint, [-4879.432279747718, 5549.866855497471, 0.0]
Unconnected Height ,  2920
==========
Category ,  Walls
Base Constraint ,  Level 1
Top Constraint ,  Up to level
Design Option ,  -1
Type Id ,  403
Family ,  Basic Wall
Related to Mass ,  No
length, 1399.9999999997208
IfcGUID ,  3yTqH6pxr5kxrz4Qbiqywj
Structural ,  No
Room Bounding ,  Yes
Top is Attached ,  No
Base is Attached ,  No
Enable Analytical Model ,  No
UniqueId, fc774446-cfbd-45bb-bd7d-11a96cd68775-000549d8
Structural Usage ,  Non-bearing
Id, 346584
Base Offset ,  -150
direction, [-1.8189894035458565e-12, -1399.9999999997217, 0.0]
Top Extension Distance ,  0
Family and Type ,  Basic Wall
Image ,  <None>
Top Offset ,  2770
Base Extension Distance ,  0
Length ,  1400
Area ,  2 m²
Location Line ,  Core Face
endpoint, [-8319.432279747722, 11509.866855497472, 0.0]
Volume ,  0.29 m³
Cross-Section ,  Vertical
Phase Created ,  New Construction
Type ,  Interior - Blockwork 100
Phase Demolished ,  None
startpoint, [-8319.43227974772, 12909.866855497194, 0.0]
Unconnected Height ,  2920
==========
Category ,  Walls
Base Constraint ,  Level 1
Top Constraint ,  Up to level
Design Option ,  -1
Type Id ,  403
Family ,  Basic Wall
Related to Mass ,  No
length, 1810.0000000002772
IfcGUID ,  3yTqH6pxr5kxrz4Qbiqys5
Structural ,  No
Room Bounding ,  Yes
Top is Attached ,  No
Base is Attached ,  No
Enable Analytical Model ,  No
UniqueId, fc774446-cfbd-45bb-bd7d-11a96cd68775-00054af0
Structural Usage ,  Non-bearing
Id, 346864
Base Offset ,  -150
direction, [3.637978807091713e-12, 1810.0000000002765, 0.0]
Top Extension Distance ,  0
Family and Type ,  Basic Wall
Image ,  <None>
Top Offset ,  2770
Base Extension Distance ,  0
Length ,  1810
Area ,  5 m²
Location Line ,  Core Face
endpoint, [-8319.432279747718, 14719.86685549747, 0.0]
Volume ,  0.68 m³
Cross-Section ,  Vertical
Phase Created ,  New Construction
Type ,  Interior - Blockwork 100
Phase Demolished ,  None
startpoint, [-8319.432279747722, 12909.866855497194, 0.0]
Unconnected Height ,  2920
==========
Category ,  Walls
Base Constraint ,  Level 1
Top Constraint ,  Up to level
Design Option ,  -1
Type Id ,  403
Family ,  Basic Wall
Related to Mass ,  No
length, 3020.000000000001
IfcGUID ,  3yTqH6pxr5kxrz4Qbiqys7
Structural ,  No
Room Bounding ,  Yes
Top is Attached ,  No
Base is Attached ,  No
Enable Analytical Model ,  No
UniqueId, fc774446-cfbd-45bb-bd7d-11a96cd68775-00054af2
Structural Usage ,  Non-bearing
Id, 346866
Base Offset ,  -150
direction, [3020.000000000001, 0.0, 0.0]
Top Extension Distance ,  0
Family and Type ,  Basic Wall
Image ,  <None>
Top Offset ,  2770
Base Extension Distance ,  0
Length ,  3020
Area ,  8 m²
Location Line ,  Core Face
endpoint, [-5299.432279747719, 14719.866855497474, 0.0]
Volume ,  1.00 m³
Cross-Section ,  Vertical
Phase Created ,  New Construction
Type ,  Interior - Blockwork 100
Phase Demolished ,  None
startpoint, [-8319.43227974772, 14719.866855497474, 0.0]
Unconnected Height ,  2920
==========
Category ,  Walls
Base Constraint ,  Level 1
Top Constraint ,  Up to level
Design Option ,  -1
Type Id ,  403
Family ,  Basic Wall
Related to Mass ,  No
length, 2510.0000000024725
IfcGUID ,  3yTqH6pxr5kxrz4Qbiqys6
Structural ,  No
Room Bounding ,  Yes
Top is Attached ,  No
Base is Attached ,  No
Enable Analytical Model ,  No
UniqueId, fc774446-cfbd-45bb-bd7d-11a96cd68775-00054af3
Structural Usage ,  Non-bearing
Id, 346867
Base Offset ,  -150
direction, [-3.637978807091713e-12, -2510.000000002472, 0.0]
Top Extension Distance ,  0
Family and Type ,  Basic Wall
Image ,  <None>
Top Offset ,  2770
Base Extension Distance ,  0
Length ,  2510
Area ,  7 m²
Location Line ,  Core Face
endpoint, [-5299.432279747722, 12209.866855495002, 0.0]
Volume ,  0.85 m³
Cross-Section ,  Vertical
Phase Created ,  New Construction
Type ,  Interior - Blockwork 100
Phase Demolished ,  None
startpoint, [-5299.432279747718, 14719.866855497474, 0.0]
Unconnected Height ,  2920
==========
Category ,  Walls
Base Constraint ,  Level 1
Top Constraint ,  Up to level
Design Option ,  -1
Type Id ,  398
Family ,  Basic Wall
Related to Mass ,  No
length, 4737.9999999999945
IfcGUID ,  3yTqH6pxr5kxrz4Qbiq8C2
Structural ,  No
Room Bounding ,  Yes
Top is Attached ,  No
Base is Attached ,  No
Enable Analytical Model ,  No
UniqueId, fc774446-cfbd-45bb-bd7d-11a96cd68775-00060477
Structural Usage ,  Non-bearing
Id, 394359
Base Offset ,  -150
direction, [4737.9999999999945, -1.8189894035458565e-11, 0.0]
Top Extension Distance ,  0
Family and Type ,  Basic Wall
Image ,  <None>
Top Offset ,  2770
Base Extension Distance ,  0
Length ,  4738
Area ,  13 m²
Location Line ,  Finish Face
endpoint, [-561.4322797477262, 12209.866855494984, 0.0]
Volume ,  2.53 m³
Cross-Section ,  Vertical
Phase Created ,  New Construction
Type ,  Generic - 200mm
Phase Demolished ,  None
startpoint, [-5299.432279747721, 12209.866855495002, 0.0]
Unconnected Height ,  2920
==========
Category ,  Walls
Base Constraint ,  Level 1
Top Constraint ,  Up to level
Design Option ,  -1
Type Id ,  403
Family ,  Basic Wall
Related to Mass ,  No
length, 4751.999999997516
IfcGUID ,  3yTqH6pxr5kxrz4Qbiq80W
Structural ,  No
Room Bounding ,  Yes
Top is Attached ,  No
Base is Attached ,  No
Enable Analytical Model ,  No
UniqueId, fc774446-cfbd-45bb-bd7d-11a96cd68775-00060755
Structural Usage ,  Non-bearing
Id, 395093
Base Offset ,  -150
direction, [-7.73070496506989e-12, -4751.999999997516, 0.0]
Top Extension Distance ,  0
Family and Type ,  Basic Wall
Image ,  <None>
Top Offset ,  2770
Base Extension Distance ,  0
Length ,  4752
Area ,  14 m²
Location Line ,  Finish Face
endpoint, [-561.432279747734, 7457.866855497467, 0.0]
Volume ,  1.71 m³
Cross-Section ,  Vertical
Phase Created ,  New Construction
Type ,  Interior - Blockwork 100
Phase Demolished ,  None
startpoint, [-561.4322797477263, 12209.866855494984, 0.0]
Unconnected Height ,  2920
==========
Category ,  Walls
Base Constraint ,  Level 1
Top Constraint ,  Up to level
Design Option ,  -1
Type Id ,  403
Family ,  Basic Wall
Related to Mass ,  No
length, 925.9999999999839
IfcGUID ,  3yTqH6pxr5kxrz4Qbiq82n
Structural ,  No
Room Bounding ,  Yes
Top is Attached ,  No
Base is Attached ,  No
Enable Analytical Model ,  No
UniqueId, fc774446-cfbd-45bb-bd7d-11a96cd68775-000607c4
Structural Usage ,  Non-bearing
Id, 395204
Base Offset ,  -150
direction, [-925.999999999984, 3.637978807091713e-12, 0.0]
Top Extension Distance ,  0
Family and Type ,  Basic Wall
Image ,  <None>
Top Offset ,  2770
Base Extension Distance ,  0
Length ,  926
Area ,  3 m²
Location Line ,  Finish Face
endpoint, [-1487.432279747718, 7457.866855497472, 0.0]
Volume ,  0.34 m³
Cross-Section ,  Vertical
Phase Created ,  New Construction
Type ,  Interior - Blockwork 100
Phase Demolished ,  None
startpoint, [-561.432279747734, 7457.866855497468, 0.0]
Unconnected Height ,  2920
==========
Category ,  Walls
Base Constraint ,  Level 1
Top Constraint ,  Up to level
Design Option ,  -1
Type Id ,  403
Family ,  Basic Wall
Related to Mass ,  No
length, 1908.0000000000005
IfcGUID ,  3yTqH6pxr5kxrz4Qbiq8zi
Structural ,  No
Room Bounding ,  Yes
Top is Attached ,  No
Base is Attached ,  No
Enable Analytical Model ,  No
UniqueId, fc774446-cfbd-45bb-bd7d-11a96cd68775-00060819
Structural Usage ,  Non-bearing
Id, 395289
Base Offset ,  -150
direction, [-3.183231456205249e-12, -1908.000000000001, 0.0]
Top Extension Distance ,  0
Family and Type ,  Basic Wall
Image ,  <None>
Top Offset ,  2770
Base Extension Distance ,  0
Length ,  1908
Area ,  5 m²
Location Line ,  Finish Face
endpoint, [-1487.4322797477212, 5549.86685549747, 0.0]
Volume ,  0.65 m³
Cross-Section ,  Vertical
Phase Created ,  New Construction
Type ,  Interior - Blockwork 100
Phase Demolished ,  None
startpoint, [-1487.432279747718, 7457.866855497471, 0.0]
Unconnected Height ,  2920
==========
Category ,  Walls
Base Constraint ,  Level 1
Top Constraint ,  Up to level
Design Option ,  -1
Type Id ,  403
Family ,  Basic Wall
Related to Mass ,  No
length, 9380.000000000002
IfcGUID ,  3yTqH6pxr5kxrz4Qbiq8r$
Structural ,  No
Room Bounding ,  Yes
Top is Attached ,  No
Base is Attached ,  No
Enable Analytical Model ,  No
UniqueId, fc774446-cfbd-45bb-bd7d-11a96cd68775-00060a0a
Structural Usage ,  Non-bearing
Id, 395786
Base Offset ,  -150
direction, [1.4551915228366852e-11, 9380.000000000002, 0.0]
Top Extension Distance ,  0
Family and Type ,  Basic Wall
Image ,  <None>
Top Offset ,  2770
Base Extension Distance ,  0
Length ,  9380
Area ,  26 m²
Location Line ,  Finish Face
endpoint, [-10291.432279747709, 12981.866855497483, 0.0]
Volume ,  3.16 m³
Cross-Section ,  Vertical
Phase Created ,  New Construction
Type ,  Interior - Blockwork 100
Phase Demolished ,  None
startpoint, [-10291.432279747723, 3601.8668554974815, 0.0]
Unconnected Height ,  2920
==========
Category ,  Walls
Base Constraint ,  Level 1
Top Constraint ,  Up to level
Design Option ,  -1
Type Id ,  403
Family ,  Basic Wall
Related to Mass ,  No
length, 1971.999999999987
IfcGUID ,  3yTqH6pxr5kxrz4Qbiq8so
Structural ,  No
Room Bounding ,  Yes
Top is Attached ,  No
Base is Attached ,  No
Enable Analytical Model ,  No
UniqueId, fc774446-cfbd-45bb-bd7d-11a96cd68775-00060ac7
Structural Usage ,  Non-bearing
Id, 395975
Base Offset ,  -150
direction, [1971.9999999999873, -7.275957614183426e-12, 0.0]
Top Extension Distance ,  0
Family and Type ,  Basic Wall
Image ,  <None>
Top Offset ,  2770
Base Extension Distance ,  0
Length ,  1972
Area ,  5 m²
Location Line ,  Finish Face
endpoint, [-8319.432279747722, 12981.866855497476, 0.0]
Volume ,  0.67 m³
Cross-Section ,  Vertical
Phase Created ,  New Construction
Type ,  Interior - Blockwork 100
Phase Demolished ,  None
startpoint, [-10291.432279747709, 12981.866855497483, 0.0]
Unconnected Height ,  2920
==========
Category ,  Walls
Base Constraint ,  Level 1
Top Constraint ,  Up to level
Design Option ,  -1
Type Id ,  403
Family ,  Basic Wall
Related to Mass ,  No
length, 5412.000000000002
IfcGUID ,  3yTqH6pxr5kxrz4Qbiq8p$
Structural ,  No
Room Bounding ,  Yes
Top is Attached ,  No
Base is Attached ,  No
Enable Analytical Model ,  No
UniqueId, fc774446-cfbd-45bb-bd7d-11a96cd68775-00060b8a
Structural Usage ,  Non-bearing
Id, 396170
Base Offset ,  -150
direction, [5412.000000000002, -1.7280399333685637e-11, 0.0]
Top Extension Distance ,  0
Family and Type ,  Basic Wall
Image ,  <None>
Top Offset ,  2770
Base Extension Distance ,  0
Length ,  5412
Area ,  15 m²
Location Line ,  Finish Face
endpoint, [-4879.432279747722, 3601.8668554974643, 0.0]
Volume ,  1.87 m³
Cross-Section ,  Vertical
Phase Created ,  New Construction
Type ,  Interior - Blockwork 100
Phase Demolished ,  None
startpoint, [-10291.432279747723, 3601.8668554974815, 0.0]
Unconnected Height ,  2920
==========
Category ,  Walls
Base Constraint ,  Level 1
Top Constraint ,  Up to level
Design Option ,  -1
Type Id ,  5541
Family ,  Basic Wall
Related to Mass ,  No
length, 2573.9999999999995
IfcGUID ,  3yTqH6pxr5kxrz4Qbiq8dK
Structural ,  No
Room Bounding ,  Yes
Top is Attached ,  No
Base is Attached ,  No
Enable Analytical Model ,  No
UniqueId, fc774446-cfbd-45bb-bd7d-11a96cd68775-00060ea1
Structural Usage ,  Non-bearing
Id, 396961
Base Offset ,  -150
direction, [2573.9999999999995, -9.094947017729282e-12, 0.0]
Top Extension Distance ,  0
Family and Type ,  Basic Wall
Image ,  <None>
Top Offset ,  2770
Base Extension Distance ,  0
Length ,  2574
Area ,  8 m²
Location Line ,  Finish Face
endpoint, [-3037.4322797477166, 7426.866855497462, 0.0]
Volume ,  1.61 m³
Cross-Section ,  Vertical
Phase Created ,  New Construction
Type ,  Interior - Blockwork 190
Phase Demolished ,  None
startpoint, [-5611.432279747716, 7426.866855497471, 0.0]
Unconnected Height ,  2920
==========
